﻿<?xml version="1.0" encoding="utf-8" standalone="no" ?>
<nightlights>
	<nightlight name="wohnzimmer">
		<isClassic>true</isClassic>
		<onlyNight>false</onlyNight>
		<isGroup>true</isGroup>
		<groupAsSingle>false</groupAsSingle>
		<onChance>30</onChance>
		<changeTimer>39</changeTimer>
		<lightIntensity>1.0</lightIntensity>
		<hourFactors>
			<h0>0.45</h0>
			<h1>0.3</h1>
			<h2>0.1</h2>
			<h3>0.25</h3>
			<h4>0.5</h4>
			<h5>1</h5>
			<h6>1</h6>
			<h7>1</h7>
			<h8>1</h8>
			<h9>1</h9>
			<h10>1</h10>
			<h11>1</h11>
			<h12>1</h12>
			<h13>1</h13>
			<h14>1</h14>
			<h15>1</h15>
			<h16>1</h16>
			<h17>1</h17>
			<h18>1</h18>
			<h19>1</h19>
			<h20>1.5</h20>
			<h21>1.2</h21>
			<h22>0.9</h22>
			<h23>0.6</h23>
		</hourFactors>
	</nightlight>
	<nightlight name="treppen">
		<isClassic>true</isClassic>
		<onlyNight>true</onlyNight>
		<isGroup>true</isGroup>
		<groupAsSingle>false</groupAsSingle>
		<onChance>5</onChance>
		<changeTimer>8</changeTimer>
		<lightIntensity>1.0</lightIntensity>
		<hourFactors>
			<h0>0.45</h0>
			<h1>0.3</h1>
			<h2>0.1</h2>
			<h3>0.25</h3>
			<h4>0.5</h4>
			<h5>1</h5>
			<h6>1</h6>
			<h7>1</h7>
			<h8>1</h8>
			<h9>1</h9>
			<h10>1</h10>
			<h11>1</h11>
			<h12>1</h12>
			<h13>1</h13>
			<h14>1</h14>
			<h15>1</h15>
			<h16>1</h16>
			<h17>1</h17>
			<h18>1</h18>
			<h19>1</h19>
			<h20>1.5</h20>
			<h21>1.2</h21>
			<h22>0.9</h22>
			<h23>0.6</h23>
		</hourFactors>
	</nightlight>
	<nightlight name="zimmer">
		<isClassic>true</isClassic>
		<onlyNight>false</onlyNight>
		<isGroup>true</isGroup>
		<groupAsSingle>false</groupAsSingle>
		<onChance>25</onChance>
		<changeTimer>21</changeTimer>
		<lightIntensity>1.0</lightIntensity>
		<hourFactors>
			<h0>0.45</h0>
			<h1>0.3</h1>
			<h2>0.1</h2>
			<h3>0.25</h3>
			<h4>0.5</h4>
			<h5>1</h5>
			<h6>1</h6>
			<h7>1</h7>
			<h8>1</h8>
			<h9>1</h9>
			<h10>1</h10>
			<h11>1</h11>
			<h12>1</h12>
			<h13>1</h13>
			<h14>1</h14>
			<h15>1</h15>
			<h16>1</h16>
			<h17>1</h17>
			<h18>1</h18>
			<h19>1</h19>
			<h20>1.5</h20>
			<h21>1.2</h21>
			<h22>0.9</h22>
			<h23>0.6</h23>
		</hourFactors>
	</nightlight>
	<nightlight name="schlafzimmer">
		<isClassic>true</isClassic>
		<onlyNight>true</onlyNight>
		<isGroup>true</isGroup>
		<groupAsSingle>false</groupAsSingle>
		<onChance>10</onChance>
		<changeTimer>12</changeTimer>
		<lightIntensity>1.0</lightIntensity>
		<hourFactors>
			<h0>0.4</h0>
			<h1>0.3</h1>
			<h2>0.1</h2>
			<h3>0.25</h3>
			<h4>0.5</h4>
			<h5>1</h5>
			<h6>1</h6>
			<h7>0</h7>
			<h8>0</h8>
			<h9>0</h9>
			<h10>0</h10>
			<h11>0</h11>
			<h12>0</h12>
			<h13>0</h13>
			<h14>0</h14>
			<h15>0</h15>
			<h16>0</h16>
			<h17>0</h17>
			<h18>0</h18>
			<h19>0</h19>
			<h20>0.2</h20>
			<h21>0.5</h21>
			<h22>0.8</h22>
			<h23>0.9</h23>
		</hourFactors>
	</nightlight>
</nightlights>
